insert into Folk values (0000000000000001, 'a', 'a', 'aa', 0000000001, 0000000001, '1000-01-01');
insert into Folk values (0000000000000002, 'a', 'b', 'ab', 0000000002, 0000000002, '1000-01-02');
insert into Folk values (0000000000000003, 'a', 'c', 'ac', 0000000003, 0000000003, '1000-01-03');
insert into Folk values (0000000000000004, 'a', 'd', 'ad', 0000000004, 0000000004, '1000-01-04');
insert into Folk values (0000000000000005, 'a', 'e', 'ae', 0000000005, 0000000005, '1000-01-05');
insert into Folk values (0000000000000006, 'a', 'f', 'af', 0000000006, 0000000006, '1000-01-06');
insert into Folk values (0000000000000007, 'a', 'g', 'ag', 0000000007, 0000000007, '1000-01-07');
insert into Folk values (0000000000000008, 'a', 'h', 'ah', 0000000008, 0000000008, '1000-01-08');
insert into Folk values (0000000000000009, 'a', 'i', 'ai', 0000000009, 0000000009, '1000-01-09');
insert into Folk values (0000000000000010, 'a', 'j', 'aj', 0000000010, 0000000010, '1000-01-10');
insert into Folk values (0000000000000011, 'a', 'k', 'ak', 0000000011, 0000000011, '1000-01-11');
insert into Folk values (0000000000000012, 'a', 'l', 'al', 0000000012, 0000000012, '1000-01-12');
insert into Folk values (0000000000000013, 'a', 'm', 'am', 0000000013, 0000000013, '1000-01-13');
insert into Folk values (0000000000000014, 'a', 'n', 'an', 0000000014, 0000000014, '1000-01-14');
insert into Folk values (0000000000000015, 'a', 'o', 'ao', 0000000015, 0000000015, '1000-01-15');
insert into Folk values (0000000000000016, 'a', 'p', 'ap', 0000000016, 0000000016, '1000-01-16');
insert into Folk values (0000000000000017, 'a', 'q', 'aq', 0000000017, 0000000017, '1000-01-17');
insert into Folk values (0000000000000018, 'a', 'r', 'ar', 0000000018, 0000000018, '1000-01-18');
insert into Folk values (0000000000000019, 'a', 's', 'as', 0000000019, 0000000019, '1000-01-19');

insert into Email values (0000000000000001, 'aa@mail.com');
insert into Email values (0000000000000002, 'ab@mail.com');
insert into Email values (0000000000000003, 'ac@mail.com');
insert into Email values (0000000000000004, 'ad@mail.com');
insert into Email values (0000000000000005, 'ae@mail.com');
insert into Email values (0000000000000006, 'af@mail.com');
insert into Email values (0000000000000007, 'ag@mail.com');
insert into Email values (0000000000000008, 'ah@mail.com');
insert into Email values (0000000000000009, 'ai@mail.com');
insert into Email values (0000000000000010, 'aj@mail.com');
insert into Email values (0000000000000011, 'ak@mail.com');
insert into Email values (0000000000000012, 'al@mail.com');
insert into Email values (0000000000000013, 'am@mail.com');
insert into Email values (0000000000000014, 'an@mail.com');
insert into Email values (0000000000000015, 'ao@mail.com');
insert into Email values (0000000000000016, 'ap@mail.com');
insert into Email values (0000000000000017, 'aq@mail.com');
insert into Email values (0000000000000018, 'ar@mail.com');
insert into Email values (0000000000000019, 'as@mail.com');

insert into Election_Staff values (0000000000000001);
insert into Clerk values (0000000000000001);
insert into Election_Staff values (0000000000000002);
insert into Clerk values (0000000000000002);
insert into Election_Staff values (0000000000000003);
insert into Clerk values (0000000000000003);
insert into Election_Staff values (0000000000000004);
insert into Monitor values (0000000000000004);
insert into Election_Staff values (0000000000000005);
insert into Monitor values (0000000000000005);
insert into Election_Staff values (0000000000000006);
insert into Monitor values (0000000000000006);

insert into place values (1, 1, 1, '1th', 'onesville', 'oneland', 00001);
insert into place values (2, 2, 2, '1th', 'onesville', 'oneland', 00001);
insert into place values (3, 3, 3, '1th', 'onesville', 'oneland', 00001);
insert into place values (4, 4, 4, '2th', 'twosville', 'twoland', 00002);
insert into place values (5, 5, 5, '2th', 'twosville', 'twoland', 00002);
insert into place values (6, 6, 6, '2th', 'twosville', 'twoland', 00002);
insert into place values (7, 7, 7, '3th', 'threesville', 'threeland', 00003);
insert into place values (8, 8, 8, '8th', 'onetwosville', 'oneland', 00004);

insert into voting_center values (1, 1, 'aaaa');
insert into voting_center values (3, 3, 'cccc');
insert into voting_center values (5, 5, 'eeee');

insert into Residence values (2, 2);
insert into Residence values (4, 4);
insert into Residence values (7, 7);

insert into resides values (0000000000000001, 2, 2);
insert into resides values (0000000000000002, 2, 2);
insert into resides values (0000000000000003, 2, 2);
insert into resides values (0000000000000004, 2, 2);
insert into resides values (0000000000000005, 2, 2);
insert into resides values (0000000000000006, 2, 2);
insert into resides values (0000000000000007, 4, 4);
insert into resides values (0000000000000008, 4, 4);
insert into resides values (0000000000000009, 4, 4);
insert into resides values (0000000000000010, 4, 4);
insert into resides values (0000000000000011, 4, 4);
insert into resides values (0000000000000012, 4, 4);
insert into resides values (0000000000000013, 7, 7);
insert into resides values (0000000000000014, 7, 7);
insert into resides values (0000000000000015, 7, 7);
insert into resides values (0000000000000016, 7, 7);
insert into resides values (0000000000000017, 7, 7);
insert into resides values (0000000000000018, 7, 7);

insert into Operates values ('aaaa', '1000-03-01 00:00:00', '1000-03-10 01:00:00');
insert into Operates values ('cccc', '1000-01-01 00:00:00', '1000-01-01 01:00:00');
insert into Operates values ('aaaa', '1000-01-02 00:00:00', '1000-01-02 01:00:00');
insert into Operates values ('aaaa', '1000-01-03 00:00:00', '1000-01-03 01:00:00');
insert into Operates values ('aaaa', '1000-01-04 00:00:00', '1000-01-04 01:00:00');
insert into Operates values ('cccc', '1000-02-01 00:00:00', '1000-02-01 01:00:00');
insert into Operates values ('cccc', '1000-02-02 00:00:00', '1000-02-02 01:00:00');
insert into Operates values ('cccc', '1000-02-03 00:00:00', '1000-02-03 01:00:00');
insert into Operates values ('cccc', '1000-02-04 00:00:00', '1000-02-04 01:00:00');
insert into Operates values ('eeee', '1000-03-01 00:00:00', '1000-03-01 01:00:00');
insert into Operates values ('eeee', '1000-03-02 00:00:00', '1000-03-02 01:00:00');
insert into Operates values ('eeee', '1000-03-03 00:00:00', '1000-03-03 01:00:00');
insert into Operates values ('eeee', '1000-03-04 00:00:00', '1000-03-04 01:00:00');

insert into Works_At values (0000000000000001, 'aaaa', '1000-01-01 00:00:00', '1000-01-01 01:00:00');
insert into Works_At values (0000000000000002, 'aaaa', '1000-01-01 00:00:00', '1000-01-01 01:00:00');
insert into Works_At values (0000000000000003, 'cccc', '1000-02-02 00:00:00', '1000-02-02 01:00:00');
insert into Works_At values (0000000000000004, 'cccc', '1000-02-02 00:00:00', '1000-02-02 01:00:00');
insert into Works_At values (0000000000000005, 'eeee', '1000-03-01 00:00:00', '1000-03-01 01:00:00');
insert into Works_At values (0000000000000006, 'eeee', '1000-03-01 00:00:00', '1000-03-01 01:00:00');

insert into Ballot values ('balA', 0000000000000001, 'Question 1', '1000-01-01 00:00:00', '1000-01-01 01:00:00');
insert into Answer_Choice values ('balA', 'YES');
insert into Answer_Choice values ('balA', 'NO');
insert into Answer_Choice values ('balA', 'ABSTAIN');
insert into Ballot values ('balB', 0000000000000002, 'Question 2', '1000-02-01 00:00:00', '1000-02-01 01:00:00');
insert into Answer_Choice values ('balB', 'YES');
insert into Answer_Choice values ('balB', 'NO');
insert into Answer_Choice values ('balB', 'ABSTAIN');
insert into Ballot values ('balC', 0000000000000003, 'Question 3', '1000-02-01 00:00:00', '1000-02-01 01:00:00');
insert into Answer_Choice values ('balC', 'YES');
insert into Answer_Choice values ('balC', 'NO');
insert into Answer_Choice values ('balC', 'ABSTAIN');
insert into Ballot values ('balD', 0000000000000001, 'Question 4', '1000-01-01 00:00:00', '1000-01-01 01:00:00');
insert into Answer_Choice values ('balD', 'YES');
insert into Answer_Choice values ('balD', 'NO');
insert into Answer_Choice values ('balD', 'ABSTAIN');

insert into Registered values (0000000000000001, 'balA', 'aaaa', '1000-01-01');
insert into Registered values (0000000000000002, 'balA', 'aaaa', '1000-01-02');
insert into Registered values (0000000000000003, 'balA', 'aaaa', '1000-01-03');
insert into Registered values (0000000000000004, 'balA', 'aaaa', '1000-01-04');
insert into Registered values (0000000000000005, 'balA', 'aaaa', '1000-01-05');
insert into Registered values (0000000000000006, 'balA', 'aaaa', '1000-01-06');
insert into Registered values (0000000000000007, 'balA', 'aaaa', '1000-01-07');
insert into Registered values (0000000000000008, 'balA', 'cccc', '1000-01-08');
insert into Registered values (0000000000000001, 'balB', 'aaaa', '1000-02-02');
insert into Registered values (0000000000000002, 'balB', 'cccc', '1000-02-02');
insert into Registered values (0000000000000003, 'balB', 'cccc', '1000-02-02');
insert into Registered values (0000000000000004, 'balB', 'cccc', '1000-02-02');
insert into Registered values (0000000000000005, 'balB', 'cccc', '1000-02-02');
insert into Registered values (0000000000000006, 'balB', 'cccc', '1000-02-02');
insert into Registered values (0000000000000007, 'balB', 'cccc', '1000-02-02');
insert into Registered values (0000000000000008, 'balB', 'eeee', '1000-02-02');
insert into Registered values (0000000000000009, 'balC', 'cccc', '1000-03-03');
insert into Registered values (0000000000000010, 'balC', 'eeee', '1000-03-03');
insert into Registered values (0000000000000011, 'balC', 'eeee', '1000-03-03');
insert into Registered values (0000000000000012, 'balC', 'eeee', '1000-03-03');
insert into Registered values (0000000000000013, 'balC', 'eeee', '1000-03-03');
insert into Registered values (0000000000000014, 'balC', 'eeee', '1000-03-03');
insert into Registered values (0000000000000015, 'balC', 'eeee', '1000-03-03');
insert into Registered values (0000000000000016, 'balC', 'eeee', '1000-03-03');

/*
insert into Cast values (0000000000000001, 'balA', 'aaaa', '1000-01-01', '00:00:01', 0000000000000004, 'YES');
insert into Cast values (0000000000000002, 'balA', 'aaaa', '1000-01-02', '00:00:01', 0000000000000004, 'YES');
insert into Cast values (0000000000000003, 'balA', 'aaaa', '1000-01-03', '00:00:01', 0000000000000004, 'YES');
insert into Cast values (0000000000000004, 'balA', 'aaaa', '1000-01-04', '00:00:01', 0000000000000004, 'NO');
insert into Cast values (0000000000000005, 'balA', 'aaaa', '1000-01-05', '00:00:01', 0000000000000004, 'NO');
insert into Cast values (0000000000000006, 'balA', 'aaaa', '1000-01-06', '00:00:01', 0000000000000004, 'NO');
insert into Cast values (0000000000000007, 'balA', 'aaaa', '1000-01-07', '00:00:01', 0000000000000004, 'ABSTAIN');
insert into Cast values (0000000000000008, 'balA', 'cccc', '1000-01-08', '00:00:01', 0000000000000004, 'ABSTAIN');
insert into Cast values (0000000000000001, 'balB', 'aaaa', '1000-02-02', '00:00:01', 0000000000000005, 'YES');
insert into Cast values (0000000000000002, 'balB', 'cccc', '1000-02-02', '00:00:01', 0000000000000005, 'YES');
insert into Cast values (0000000000000003, 'balB', 'cccc', '1000-02-02', '00:00:01', 0000000000000005, 'YES');
insert into Cast values (0000000000000004, 'balB', 'cccc', '1000-02-02', '00:00:01', 0000000000000005, 'NO');
insert into Cast values (0000000000000005, 'balB', 'cccc', '1000-02-02', '00:00:01', 0000000000000005, 'NO');
insert into Cast values (0000000000000006, 'balB', 'cccc', '1000-02-02', '00:00:01', 0000000000000005, 'NO');
insert into Cast values (0000000000000007, 'balB', 'cccc', '1000-02-02', '00:00:01', 0000000000000005, 'ABSTAIN');
insert into Cast values (0000000000000008, 'balB', 'eeee', '1000-02-02', '00:00:01', 0000000000000005, 'ABSTAIN');
insert into Cast values (0000000000000009, 'balC', 'cccc', '1000-03-03', '00:00:01', 0000000000000006, 'YES');
insert into Cast values (0000000000000010, 'balC', 'eeee', '1000-03-03', '00:00:01', 0000000000000006, 'YES');
insert into Cast values (0000000000000011, 'balC', 'eeee', '1000-03-03', '00:00:01', 0000000000000006, 'YES');
insert into Cast values (0000000000000012, 'balC', 'eeee', '1000-03-03', '00:00:01', 0000000000000006, 'NO');
insert into Cast values (0000000000000013, 'balC', 'eeee', '1000-03-03', '00:00:01', 0000000000000006, 'NO');
insert into Cast values (0000000000000014, 'balC', 'eeee', '1000-03-03', '00:00:01', 0000000000000006, 'NO');
insert into Cast values (0000000000000015, 'balC', 'eeee', '1000-03-03', '00:00:01', 0000000000000006, 'ABSTAIN');
insert into Cast values (0000000000000016, 'balC', 'eeee', '1000-03-03', '00:00:01', 0000000000000006, 'YES');
*/